{"cameraMode":{"drawMode":0,"name":"Shaded","section":"Shading Mode"},"sceneLighting":false,"audioPlay":false,"sceneViewState":{"m_AlwaysRefresh":false,"showFog":true,"showSkybox":false,"showFlares":true,"showImageEffects":true,"showParticleSystems":true,"showVisualEffectGraphs":true,"m_FxEnabled":true},"in2DMode":false,"pivot":{"x":0.013269007205963135,"y":3.253499984741211,"z":-6.208330154418945},"rotation":{"x":-0.12298502027988434,"y":-0.014293134212493897,"z":0.0017745880177244545,"w":-0.9923117160797119},"size":2.2636802196502687,"orthographic":false}