{"cameraMode":{"drawMode":0,"name":"Shaded","section":"Shading Mode"},"sceneLighting":true,"audioPlay":false,"sceneViewState":{"m_AlwaysRefresh":false,"showFog":true,"showSkybox":true,"showFlares":true,"showImageEffects":true,"showParticleSystems":true,"showVisualEffectGraphs":true,"m_FxEnabled":true},"in2DMode":false,"pivot":{"x":0.013269269838929177,"y":3.253485918045044,"z":-6.208330154418945},"rotation":{"x":-0.12298502027988434,"y":-0.014293134212493897,"z":0.0017745880177244545,"w":-0.9923117160797119},"size":1.2247449159622193,"orthographic":false}